1,Warner,Dianna,,,1206 N 400 W,COLUMBIA CITY,IN,46725,678-450-4838,678-450-4838,Dianna.T.Warner@trashymail.com,953,27289,2-Aug,,5-Sep-91,11-May-16,DAVIS__MAURICE,CCG10_DAVIS_EDWARDSJ
2,Wyman,Tracy,,,1206 MALVERN AVE,HOT SPRINGS,AR,71901,775-240-5844,775-240-5844,Tracy.S.Wyman@pookmail.com,211,40507,19-Oct,24-Sep-95,5-Sep-91,30-Dec-13,DAVIS__MAURICE,CCG10_DAVIS_EDWARDSJ
3,Schmidt,Timmy,,,1206 HAAG HILL RD,OLANTA,PA,16863,317-640-6654,317-640-6654,Timmy.B.Schmidt@pookmail.com,4523,98687,9-Feb,6-Apr-97,5-Sep-91,13-Jul-16,DAVIS__MAURICE,CCG10_DAVIS_EDWARDSJ
7,Bell,Patricia,,,12059 MOUNT CHARRON RD NW,HUNTSVILLE,AL,35810,660-274-7607,660-274-7607,Patricia.J.Bell@pookmail.com,3128,65101,20-Apr,1-Jan-90,3-Sep-91,31-May-16,BYRD__FRED,CCG01_BYRD_JETER_ROBINSON
12,Tunnell,Lou,,,118 VIS DEL SOL DR,BELEN,NM,87002,708-721-5104,708-721-5104,Lou.W.Tunnell@mailinator.com,2822,96254,6-Jan,1-Sep-86,9-Sep-91,31-May-16,BYRD__FRED,CCG01_BYRD_JETER_ROBINSON
13,Hoffman,Davis,,,118 TERESA LN,HENDERSONVLLE,NC,28792,415-593-3974,415-593-3974,Davis.L.Hoffman@spambob.com,1904,134460,15-Nov,1-Sep-86,9-Sep-91,23-Apr-15,BYRD__FRED,CCG01_BYRD_JETER_ROBINSON
34,Shelby,Charles,,,118 LONDON ST APT 1,BOSTON,MA,2128,708-427-2630,708-427-2630,Charles.N.Shelby@dodgit.com,3162,68269,5-May,1-Jun-90,12-Sep-91,4-Aug-14,CAMPBELL__ROBERT,CCG09_CAMPBELL_JACKSONV
35,Mak,Andrew,,,118 LEROY ST OFC,POTSDAM,NY,13676,231-637-6948,231-637-6948,Andrew.E.Mak@spambob.com,3092,30573,31-Aug,1-Jun-90,12-Sep-91,6-Nov-13,CAMPBELL__ROBERT,CCG09_CAMPBELL_JACKSONV
36,Mayo,Megan,,,118 KREGEL ST,MONONE,IA,52159,270-570-6117,270-570-6117,Megan.S.Mayo@dodgit.com,2482,137349,1-Oct,1-Jun-90,12-Sep-91,17-Oct-13,CAMPBELL__ROBERT,CCG09_CAMPBELL_JACKSONV
39,Steele,Debra,,,118 HOMESTEAD VILLAGE,QUEENSBURY,NY,12804,910-247-0020,910-247-0020,Debra.G.Steele@pookmail.com,2227,87373,12-Jun,17-Jun-90,12-Sep-91,20-Apr-15,DENNIS__KEITH,CCG12_DENNIS_SCALES
41,Mckinney,Elliott,,,118 GLENMORE ST,BRICK,NJ,8724,970-260-0838,970-260-0838,Elliott.G.Mckinney@trashymail.com,4263,127016,27-Nov,1-Nov-88,12-Sep-91,27-Jun-16,BULLOCK__DARRELL,CCG07_BULLOCK_HARRIS
47,Mouzon,James,,,118 E MOBILE ST STE 1242,FLORENCE,AL,35630,606-688-0395,606-688-0395,James.K.Mouzon@mailinator.com,3888,122814,26-Jan,,12-Sep-91,4-Jan-12,BALDWIN__LAWRENCE,CCG04_BALDWIN_PATTERSON
69,Banta,James,,,118 BROADWAY N STE 606,FARGO,ND,58102,775-898-0796,775-898-0796,James.E.Banta@mailinator.com,2093,35930,4-Apr,10-Jun-90,12-Sep-91,31-May-16,CAMPBELL__ROBERT,CCG09_CAMPBELL_JACKSONV
70,Jamison,Scott,,,118 BROADWAY N STE 400,FARGO,ND,58102,808-671-6054,808-671-6054,Scott.H.Jamison@spambob.com,1621,74550,14-Feb,10-Jun-90,12-Sep-91,4-Nov-09,CAMPBELL__ROBERT,CCG09_CAMPBELL_JACKSONV
71,Little,Nathan,,,118 BRIGHT ST APT 1,JERSEY CITY,NJ,7302,330-218-8372,330-218-8372,Nathan.L.Little@dodgit.com,4469,34546,13-Nov,19-Nov-00,12-Sep-91,20-Nov-96,CAMPBELL__ROBERT,CCG09_CAMPBELL_JACKSONV
81,Jones,Joyce,,,117G REVERE ST,CANTON,MA,2021,904-355-2856,904-355-2856,Joyce.J.Jones@pookmail.com,4379,114063,22-Feb,1-Jan-88,12-Sep-91,5-Feb-12,DAVIS__TOM,CCG11_DAVIS_JONESW
91,Ortiz,Rosa,,,114 WELLS ST STE 1,GREENFIELD,MA,1301,412-460-5140,412-460-5140,Rosa.D.Ortiz@trashymail.com,3192,109496,16-Nov,,12-Sep-91,23-Jan-10,DAVIS__TOM,CCG11_DAVIS_JONESW
92,Carr,Jeri,,,114 W THAMES ST,NORWICH,CT,6360,559-430-2416,559-430-2416,Jeri.J.Carr@spambob.com,3371,130664,4-Jul,,12-Sep-91,8-Mar-06,BULLOCK__DARRELL,CCG07_BULLOCK_HARRIS
94,Miller,Richard,,,114 W RIDGE RD APT 1,PALMYRA,PA,17078,313-370-7741,313-370-7741,Richard.C.Miller@spambob.com,639,90591,,10-Aug-97,25-Aug-92,3-May-04,BULLOCK__DARRELL,CCG07_BULLOCK_HARRIS
99,Riggins,Kim,,,114 TUCKER ST STE 851 # 6545,KINGMAN,AZ,86401,586-214-2529,586-214-2529,Kim.L.Riggins@dodgit.com,4370,152697,5-Jan,1-Aug-59,12-Sep-91,19-Jul-16,CAMPBELL__ROBERT,CCG09_CAMPBELL_JACKSONV
100,Gross,Viva,,,114 TINDALE CT,CHERRY HILL,NJ,8034,530-573-4408,530-573-4408,Viva.R.Gross@mailinator.com,507,87945,30-Sep,1-Jan-87,12-Sep-91,27-Jul-16,DENNIS__KEITH,CCG12_DENNIS_SCALES
102,Stubbs,John,,,114 STEVENSON,WINCHESTER,KY,40391,970-265-6108,970-265-6108,John.J.Stubbs@trashymail.com,838,69840,25-May,28-Aug-98,12-Sep-91,27-Jul-16,DENNIS__KEITH,CCG12_DENNIS_SCALES
104,Moses,Martha,,,114 SPRING ST,SHELBY,IA,51570,214-289-4756,214-289-4756,Martha.M.Moses@trashymail.com,1481,53238,31-Jan,,12-Sep-91,1-Jun-16,EDWARDS__FRANK,CCG13_EDWARDSF_JONESJ
105,Lawson,Eddie,,,114 SE WHITLEY RD,YOAKUM,TX,77995,715-641-0188,715-641-0188,Eddie.C.Lawson@spambob.com,4014,154825,6-May,,20-Sep-91,6-Jul-16,EDWARDS__FRANK,CCG13_EDWARDSF_JONESJ
106,Villasenor,Jewel,,,114 SCOTCH BROOM DR UNIT 101,LITTLE RIVER,SC,29566,804-627-0759,804-627-0759,Jewel.G.Villasenor@trashymail.com,1520,66868,30-Nov,,20-Sep-91,1-Jun-16,EDWARDS__FRANK,CCG13_EDWARDSF_JONESJ
115,Wilson,Dennis,,,114 PLEASANT GROVE RD,RIO OSO,CA,95674,870-208-8866,870-208-8866,Dennis.M.Wilson@spambob.com,4607,95287,28-Jul,1-May-91,12-Sep-91,25-Mar-15,ELLIS__KEVIN,CCG20_ELLIS_HAGUE
121,Jiang,James,,,114 N LA PEER DR,BEVERLY HILLS,CA,90211,562-948-8875,562-948-8875,James.J.Jiang@pookmail.com,3776,55538,11-Dec,16-Sep-91,16-Sep-91,15-Feb-11,ELLIS__KEVIN,CCG20_ELLIS_HAGUE
122,Marburger,Dawn,,,114 N CENTRAL AVE,STAUNTON,VA,24401,808-974-8842,808-974-8842,Dawn.M.Marburger@dodgit.com,2369,69971,15-Feb,16-Sep-91,16-Sep-91,29-Feb-16,ELLIS__KEVIN,CCG20_ELLIS_HAGUE
123,Rathbun,Janet,,,114 MOUNT OLIVE RD,MONTICELLO,MS,39654,718-275-4817,718-275-4817,Janet.F.Rathbun@trashymail.com,1638,113967,15-Dec,16-Sep-91,16-Sep-91,13-Jul-16,ELLIS__KEVIN,CCG20_ELLIS_HAGUE
124,Harmon,Robert,,,114 MILL ST,PLATTE CITY,MO,64079,361-608-4908,361-608-4908,Robert.L.Harmon@dodgit.com,1029,4831,19-Oct,16-Sep-91,16-Sep-91,21-May-15,ELLIS__KEVIN,CCG20_ELLIS_HAGUE
126,Garrison,Donna,,,114 MAIN ST STE 1,OLYPHANT,PA,18447,414-737-4062,414-737-4062,Donna.S.Garrison@mailinator.com,4198,27552,1-Jun,1-Apr-91,16-Sep-91,15-Sep-08,BOLDEN__PAUL,CCG05_BOLDENP_LIGON_FREEMAN
127,Thompson,Jessica,,,114 MAIN ST,HUGHESVILLE,MO,65334,734-329-7044,734-329-7044,Jessica.K.Thompson@spambob.com,3265,94051,21-Sep,1-May-90,16-Sep-91,13-Oct-15,BOLDEN__PAUL,CCG05_BOLDENP_LIGON_FREEMAN
128,Keaton,Michael,,,114 MAHANOY RIDGE RD,ELLIOTTSBURG,PA,17024,912-443-0988,912-443-0988,Michael.M.Keaton@dodgit.com,3328,29285,18-Jul,1-May-90,16-Sep-91,4-Sep-13,BOLDEN__PAUL,CCG05_BOLDENP_LIGON_FREEMAN
129,Mcanulty,Donald,,,114 KREISCHER RD,SYRACUSE,NY,13212,775-323-8703,775-323-8703,Donald.J.Mcanulty@mailinator.com,2758,29313,21-Aug,11-Aug-96,16-Sep-91,11-Dec-09,BOLDEN__PAUL,CCG05_BOLDENP_LIGON_FREEMAN
130,Smith,Larry,,,114 KIEL AVE,BUTLER,NJ,7405,920-588-0500,920-588-0500,Larry.S.Smith@dodgit.com,3046,71914,6-Sep,10-Nov-96,16-Sep-91,14-Apr-05,BOLDEN__PAUL,CCG05_BOLDENP_LIGON_FREEMAN
132,Eads,Jimmy,,,114 HIGHWAY 71,COLFAX,LA,71417,708-484-0210,708-484-0210,Jimmy.B.Eads@dodgit.com,2482,1838,21-Aug,,17-Sep-91,13-Oct-15,DENNIS__KEITH,CCG12_DENNIS_SCALES
139,Merry,Keith,,,114 HAYES MILL RD APT F303,ATCO,NJ,8004,270-482-5044,270-482-5044,Keith.J.Merry@dodgit.com,946,16123,2-Aug,1-Jun-89,18-Sep-91,15-Jan-17,CAMPBELL__ROBERT,CCG09_CAMPBELL_JACKSONV
152,Lawson,Betty,,,114 HAYES MILL RD APT D305,ATCO,NJ,8004,781-713-4013,781-713-4013,Betty.E.Lawson@dodgit.com,2904,127359,3-Mar,1-Jun-56,20-Sep-91,2-Jun-15,AUGUSTUS__KERRY,CCG03_AUGUSTUS_PETTUS
154,Williams,Judy,,,114 HAYES MILL RD APT D302,ATCO,NJ,8004,646-274-6493,646-274-6493,Judy.M.Williams@trashymail.com,1533,135544,29-Jul,,20-Sep-91,2-Jun-15,AUGUSTUS__KERRY,CCG03_AUGUSTUS_PETTUS
172,Fancher,Donna,,,1110 CALLE VENUS LA CHORRA,MAYAGUEZ,PR,680,409-351-8649,409-351-8649,Donna.D.Fancher@trashymail.com,1605,129926,23-Mar,1-May-89,20-Sep-91,31-Mar-11,EDWARDS__FRANK,CCG13_EDWARDSF_JONESJ
173,Rhodes,Elizabeth,,,1110 BEL AIR PLZ,JOHNSTOWN,PA,15904,917-356-0244,917-356-0244,Elizabeth.W.Rhodes@dodgit.com,4099,120049,4-Jun,1-Oct-90,20-Sep-91,2-Mar-09,EDWARDS__FRANK,CCG13_EDWARDSF_JONESJ
180,Schwab,Shanna,,,111 WACKER LN N,MOBILE,AL,36608,715-821-9492,715-821-9492,Shanna.R.Schwab@spambob.com,1602,25449,17-Dec,1-Sep-89,20-Sep-91,13-Aug-15,BOLDEN__PAUL,CCG05_BOLDENP_LIGON_FREEMAN
187,Graziani,Carl,,,111 W AVENUE B,MELBOURNE,FL,32901,252-404-3107,252-404-3107,Carl.P.Graziani@spambob.com,1391,111559,12-Nov,1-Apr-87,20-Sep-91,13-Oct-15,FOWLER__WILLIE,CCG14_FOWLER_JOHNSON
188,Sims,Sharon,,,111 W 89TH ST PH B,NEW YORK,NY,10024,402-764-0731,402-764-0731,Sharon.J.Sims@mailinator.com,4992,12455,27-Mar,1-Apr-87,20-Sep-91,10-Jul-12,FOWLER__WILLIE,CCG14_FOWLER_JOHNSON
200,Banker,Helen,,,111 S WASHINGTON AVE TRLR 14,LEWES,DE,19958,828-883-8736,828-883-8736,Helen.B.Banker@mailinator.com,2709,26056,27-Dec,,20-Sep-91,25-Oct-00,CAMPBELL__ROBERT,CCG09_CAMPBELL_JACKSONV
300,Bettes,Micahel,,,111 S WASHINGTON AVE TRLR 14,RIO OSO,CA,95674,870-208-8866,870-208-8866,Bettes@helloworld.com,1111,2001,2-Aug,6/1/1989,5-Sep-91,11-May-16,DAVIS__MAURICE,CCG10_DAVIS_EDWARDSJ
301,Sherman,Paul,,,111 W 89TH ST PH B,BEVERLY HILLS,CA,90211,562-948-8875,562-948-8875,Sherman@helloworld.com,1112,2002,19-Oct,24-Sep-95,5-Sep-91,30-Dec-13,DAVIS__MAURICE,CCG10_DAVIS_EDWARDSJ
302,Evans,David,,,111 W AVENUE B,STAUNTON,VA,24401,808-974-8842,808-974-8842,Evans@helloworld.com,1113,2003,9-Feb,6-Apr-97,5-Sep-91,13-Jul-16,DAVIS__MAURICE,CCG10_DAVIS_EDWARDSJ
303,Cook,Timothy,,,1110 BEL AIR PLZ,MONTICELLO,MS,39654,718-275-4817,718-275-4817,Cook@helloworld.com,1114,2004,20-Apr,1-Jan-90,3-Sep-91,31-May-16,BYRD__FRED,CCG01_BYRD_JETER_ROBINSON
304,Tillman,Marcus,,,1110 CALLE VENUS LA CHORRA,PLATTE CITY,MO,64079,361-608-4908,361-608-4908,Tillman@helloworld.com,1115,2005,6-Jan,1-Sep-86,9-Sep-91,31-May-16,BYRD__FRED,CCG01_BYRD_JETER_ROBINSON
305,Roberts,Damien,,,114 HAYES MILL RD APT D302,OLYPHANT,PA,18447,414-737-4062,414-737-4062,Roberts@helloworld.com,1116,2006,15-Nov,1-Sep-86,9-Sep-91,23-Apr-15,BYRD__FRED,CCG01_BYRD_JETER_ROBINSON
306,Hinkson,Shane,,,114 HAYES MILL RD APT D305,HUGHESVILLE,MO,65334,734-329-7044,734-329-7044,Hinkson@helloworld.com,1117,2007,5-May,1-Jun-90,12-Sep-91,4-Aug-14,FREEMAN__DARREN,CCG05_BOLDENP_LIGON_FREEMAN
307,Moorehead,Terry,,,114 HAYES MILL RD APT F303,ELLIOTTSBURG,PA,17024,912-443-0988,912-443-0988,Moorehead@helloworld.com,1118,2008,31-Aug,1-Jun-90,12-Sep-91,6-Nov-13,FREEMAN__DARREN,CCG05_BOLDENP_LIGON_FREEMAN
308,Pitt,Myron,,,114 HIGHWAY 71,SYRACUSE,NY,13212,775-323-8703,775-323-8703,Pitt@helloworld.com,1119,2009,1-Oct,1-Jun-90,12-Sep-91,17-Oct-13,FREEMAN__DARREN,CCG05_BOLDENP_LIGON_FREEMAN
309,Kelton,Jonathan,,,114 SE WHITLEY RD,BUTLER,NJ,7405,920-588-0500,920-588-0500,Kelton@helloworld.com,1120,2010,12-Jun,17-Jun-90,12-Sep-91,20-Apr-15,DENNIS__KEITH,CCG12_DENNIS_SCALES
310,Nour,Sacad,,,114 WELLS ST STE 1,COLFAX,LA,71417,708-484-0210,708-484-0210,Nour@helloworld.com,1121,2011,27-Nov,1-Nov-88,12-Sep-91,27-Jun-16,BULLOCK__DARRELL,CCG07_BULLOCK_HARRIS
311,Nevarez,Manuel,,,118 BRIGHT ST APT 1,ATCO,NJ,8004,270-482-5044,270-482-5044,Nevarez@helloworld.com,1122,2012,26-Jan,6/1/1990,12-Sep-91,4-Jan-12,FOWLER__WILLIE,CCG14_FOWLER_JOHNSON
312,Dolensek,Jason,,,118 E MOBILE ST STE 1242,ATCO,NJ,8004,781-713-4013,781-713-4013,Dolensek@helloworld.com,1123,2013,4-Apr,10-Jun-90,12-Sep-91,31-May-16,CAMPBELL__ROBERT,CCG09_CAMPBELL_JACKSONV
313,Bratcher,James,,,114 MAHANOY RIDGE RD,ATCO,NJ,8004,646-274-6493,646-274-6493,Bratcher@helloworld.com,1124,2014,14-Feb,10-Jun-90,12-Sep-91,4-Nov-09,CAMPBELL__ROBERT,CCG09_CAMPBELL_JACKSONV
314,Berkley,Justin,,Jr.,118 LONDON ST APT 1,MAYAGUEZ,PR,680,409-351-8649,409-351-8649,Berkley@helloworld.com,1125,2015,13-Nov,19-Nov-00,12-Sep-91,20-Nov-96,CAMPBELL__ROBERT,CCG09_CAMPBELL_JACKSONV
315,Fernandez,Martin,,,118 VIS DEL SOL DR,JOHNSTOWN,PA,15904,917-356-0244,917-356-0244,Fernandez@helloworld.com,1126,2016,22-Feb,1-Jan-88,12-Sep-91,5-Feb-12,GRAY__RANDY,CCG08_GRAY_WILSON
316,Jones,Leon,,,118 VIS DEL SOL DR,MOBILE,AL,36608,715-821-9492,715-821-9492,LJones@helloworld.com,1127,2017,16-Nov,6/1/1990,12-Sep-91,23-Jan-10,GRAY__RANDY,CCG08_GRAY_WILSON
317,Crowder,Michael,,,1206 N 400 W,MELBOURNE,FL,32901,252-404-3107,252-404-3107,Crowder@helloworld.com,1128,2018,4-Jul,6/1/1990,12-Sep-91,8-Mar-06,ELLIS__KEVIN,CCG20_ELLIS_HAGUE
318,Hunter,Joshua,,,118 GLENMORE ST,NEW YORK,NY,10024,402-764-0731,402-764-0731,Hunter@helloworld.com,1129,2019,11/13/2017,10-Aug-97,25-Aug-92,3-May-04,ELLIS__KEVIN,CCG20_ELLIS_HAGUE
319,Brown,Terence,,,118 TERESA LN,LEWES,DE,19958,828-883-8736,828-883-8736,TBrown@helloworld.com,1130,2020,5-Jan,1-Aug-59,12-Sep-91,19-Jul-16,CAMPBELL__ROBERT,CCG09_CAMPBELL_JACKSONV
320,Cooper,George,,,118 BROADWAY N STE 606,RIO OSO,CA,95674,870-208-8866,870-208-8866,Miller@helloworld.com,1131,2021,30-Sep,1-Jan-87,12-Sep-91,27-Jul-16,BALDWIN__LAWRENCE,CCG04_BALDWIN_PATTERSON
321,Miller,Antavius,,,118 VIS DEL SOL DR,BEVERLY HILLS,CA,90211,562-948-8875,562-948-8875,Miller@helloworld.com,1132,2022,25-May,28-Aug-98,12-Sep-91,27-Jul-16,BALDWIN__LAWRENCE,CCG04_BALDWIN_PATTERSON
322,Abercrombie,Jonathan,,,12059 MOUNT CHARRON RD NW,STAUNTON,VA,24401,808-974-8842,808-974-8842,Abercrombie@helloworld.com,1133,2023,31-Jan,6/1/1990,12-Sep-91,1-Jun-16,EDWARDS__FRANK,CCG13_EDWARDSF_JONESJ
323,Mccrickard,Ryan,,,1206 HAAG HILL RD,MONTICELLO,MS,39654,718-275-4817,718-275-4817,Mccrickard@helloworld.com,1134,2024,6-May,6/1/1990,20-Sep-91,6-Jul-16,EDWARDS__FRANK,CCG13_EDWARDSF_JONESJ
324,Campbell,Victor,,,114 WELLS ST STE 1,PLATTE CITY,MO,64079,361-608-4908,361-608-4908,Campbell@helloworld.com,1135,2025,30-Nov,6/1/1990,20-Sep-91,1-Jun-16,EDWARDS__FRANK,CCG13_EDWARDSF_JONESJ
325,Williams,Brandon,,,118 LONDON ST APT 1,OLYPHANT,PA,18447,414-737-4062,414-737-4062,Williams@helloworld.com,1136,2026,28-Jul,1-May-91,12-Sep-91,25-Mar-15,DENNIS__KEITH  ,CCG12_DENNIS_SCALES
326,Dowl,Curtis,,,118 TERESA LN,HUGHESVILLE,MO,65334,734-329-7044,734-329-7044,Dowl@helloworld.com,1137,2027,11-Dec,16-Sep-91,16-Sep-91,15-Feb-11,ELLIS__KEVIN,CCG20_ELLIS_HAGUE
327,Skidmore,Joseph,,,1206 HAAG HILL RD,ELLIOTTSBURG,PA,17024,912-443-0988,912-443-0988,Skidmore@helloworld.com,1138,2028,15-Feb,16-Sep-91,16-Sep-91,29-Feb-16,ELLIS__KEVIN,CCG20_ELLIS_HAGUE
328,Jones,Anthony,,,114 MILL ST,SYRACUSE,NY,13212,775-323-8703,775-323-8703,AJones@helloworld.com,1139,2029,15-Dec,16-Sep-91,16-Sep-91,13-Jul-16,ELLIS__KEVIN,CCG20_ELLIS_HAGUE
329,Turner,Earl,,,118 BRIGHT ST APT 1,BUTLER,NJ,7405,920-588-0500,920-588-0500,Turner@helloworld.com,1140,2030,19-Oct,16-Sep-91,16-Sep-91,21-May-15,ELLIS__KEVIN,CCG20_ELLIS_HAGUE
330,Cammon ,Patrick,,,118 E MOBILE ST STE 1242,COLFAX,LA,71417,708-484-0210,708-484-0210,Cammon@helloworld.com,1141,2031,1-Jun,1-Apr-91,16-Sep-91,15-Sep-08,ARNETTE__JOSEPH,CCG02_ARNETTE_LARRY
331,Boyd,Bradley,,,111 W AVENUE B,ATCO,NJ,8004,270-482-5044,270-482-5044,Boyd@helloworld.com,1142,2032,21-Sep,1-May-90,16-Sep-91,13-Oct-15,ARNETTE__JOSEPH,CCG02_ARNETTE_LARRY
332,Small,Brian,,,118 BRIGHT ST APT 1,ATCO,NJ,8004,781-713-4013,781-713-4013,Small@helloworld.com,1143,2033,18-Jul,1-May-90,16-Sep-91,4-Sep-13,ARNETTE__JOSEPH,CCG02_ARNETTE_LARRY
333,Conerly,David,,,114 SE WHITLEY RD,ATCO,NJ,8004,646-274-6493,646-274-6493,Conerly@helloworld.com,1144,2034,21-Aug,11-Aug-96,16-Sep-91,11-Dec-09,ARNETTE__JOSEPH,CCG02_ARNETTE_LARRY
334,Mccoy,Michael,,,1206 HAAG HILL RD,MAYAGUEZ,PR,680,409-351-8649,409-351-8649,Mccoy@helloworld.com,1145,2035,6-Sep,10-Nov-96,16-Sep-91,14-Apr-05,ARNETTE__JOSEPH,CCG02_ARNETTE_LARRY
335,Williams,Jerrell,,,118 GLENMORE ST,JOHNSTOWN,PA,15904,917-356-0244,917-356-0244,Williams@helloworld.com,1146,2036,21-Aug,6/1/1990,17-Sep-91,13-Oct-15,DENNIS__KEITH,CCG12_DENNIS_SCALES
336,Hester,Rocky,,,114 MILL ST,MOBILE,AL,36608,715-821-9492,715-821-9492,Hester@helloworld.com,1147,2037,2-Aug,1-Jun-89,18-Sep-91,15-Jan-17,CAMPBELL__ROBERT,CCG09_CAMPBELL_JACKSONV
337,Carter,Thayer,,,111 W AVENUE B,MELBOURNE,FL,32901,252-404-3107,252-404-3107,Carter@helloworld.com,1148,2038,3-Mar,1-Jun-56,20-Sep-91,2-Jun-15,AUGUSTUS__KERRY,CCG03_AUGUSTUS_PETTUS
338,Charleston,Maurice,,,118 BROADWAY N STE 606,NEW YORK,NY,10024,402-764-0731,402-764-0731,Charleston@helloworld.com,1149,2039,29-Jul,6/1/1990,20-Sep-91,2-Jun-15,AUGUSTUS__KERRY,CCG03_AUGUSTUS_PETTUS
339,London,Richard,,,114 SE WHITLEY RD,LEWES,DE,19958,828-883-8736,828-883-8736,London@helloworld.com,1150,2040,23-Mar,1-May-89,20-Sep-91,31-Mar-11,ARNETTE__JOSEPH,CCG02_ARNETTE_LARRY
340,Dixon,Corey,,,118 TERESA LN,RIO OSO,CA,95674,870-208-8866,870-208-8866,Dixon@helloworld.com,1151,2041,4-Jun,1-Oct-90,20-Sep-91,2-Mar-09,ARNETTE__JOSEPH,CCG02_ARNETTE_LARRY
341,Bryant,Will,,,114 SE WHITLEY RD,BEVERLY HILLS,CA,90211,562-948-8875,562-948-8875,Bryant@helloworld.com,1152,2042,17-Dec,1-Sep-89,20-Sep-91,13-Aug-15,BOLDEN__PAUL,CCG05_BOLDENP_LIGON_FREEMAN
342,Wallace,John,,,1110 BEL AIR PLZ,STAUNTON,VA,24401,808-974-8842,808-974-8842,Wallace@helloworld.com,1153,2043,12-Nov,1-Apr-87,20-Sep-91,13-Oct-15,ARNETTE__JOSEPH ,CCG02_ARNETTE_LARRY
343,Burgoyne,Jacob,,,111 W 89TH ST PH B,MONTICELLO,MS,39654,718-275-4817,718-275-4817,Burgoyne@helloworld.com,1154,2044,27-Mar,1-Apr-87,20-Sep-91,10-Jul-12,ARNETTE__JOSEPH ,CCG02_ARNETTE_LARRY
344,Starkey,Dustin,,,114 HAYES MILL RD APT F303,PLATTE CITY,MO,64079,361-608-4908,361-608-4908,Starkey@helloworld.com,1155,2045,27-Dec,6/1/1990,20-Sep-91,25-Oct-00,CAMPBELL__ROBERT,CCG09_CAMPBELL_JACKSONV
345,Smith,Chad,,,114 SCOTCH BROOM DR UNIT 101,OLYPHANT,PA,18447,414-737-4062,414-737-4062,Smiths@helloworld.com,1156,2046,11-Dec,16-Sep-91,16-Sep-91,15-Feb-11,ELLIS__KEVIN,CCG20_ELLIS_HAGUE
346,Langley,Joseph,,,114 KIEL AVE,HUGHESVILLE,MO,65334,734-329-7044,734-329-7044,Langley@helloworld.com,1157,2047,15-Feb,16-Sep-91,16-Sep-91,29-Feb-16,ELLIS__KEVIN,CCG20_ELLIS_HAGUE
347,Grogan,David,,,1110 BEL AIR PLZ,ELLIOTTSBURG,PA,17024,912-443-0988,912-443-0988,Grogan@helloworld.com,1158,2048,15-Dec,16-Sep-91,16-Sep-91,13-Jul-16,ELLIS__KEVIN,CCG20_ELLIS_HAGUE
